{
    "name": "root",
    "gauges": {
        "PlatformerAgent.Policy.Entropy.mean": {
            "value": 0.22023168206214905,
            "min": 0.009301332756876945,
            "max": 0.22023168206214905,
            "count": 12
        },
        "PlatformerAgent.Policy.Entropy.sum": {
            "value": 2202.31689453125,
            "min": 93.0133285522461,
            "max": 2202.31689453125,
            "count": 12
        },
        "PlatformerAgent.Environment.EpisodeLength.mean": {
            "value": 19.0,
            "min": 19.0,
            "max": 999.0,
            "count": 12
        },
        "PlatformerAgent.Environment.EpisodeLength.sum": {
            "value": 9500.0,
            "min": 4270.0,
            "max": 10094.0,
            "count": 12
        },
        "PlatformerAgent.Step.mean": {
            "value": 15499992.0,
            "min": 15389791.0,
            "max": 15499992.0,
            "count": 12
        },
        "PlatformerAgent.Step.sum": {
            "value": 15499992.0,
            "min": 15389791.0,
            "max": 15499992.0,
            "count": 12
        },
        "PlatformerAgent.Policy.ExtrinsicValueEstimate.mean": {
            "value": 8.599883079528809,
            "min": 7.499845027923584,
            "max": 22.796720504760742,
            "count": 12
        },
        "PlatformerAgent.Policy.ExtrinsicValueEstimate.sum": {
            "value": 4299.94140625,
            "min": 74.99845123291016,
            "max": 11384.755859375,
            "count": 12
        },
        "PlatformerAgent.Environment.CumulativeReward.mean": {
            "value": 3.241213321685791,
            "min": 2.124725103378296,
            "max": 10.934675713513522,
            "count": 12
        },
        "PlatformerAgent.Environment.CumulativeReward.sum": {
            "value": 1620.6066608428955,
            "min": 21.24725103378296,
            "max": 1629.2666813135147,
            "count": 12
        },
        "PlatformerAgent.Policy.ExtrinsicReward.mean": {
            "value": 3.241213321685791,
            "min": 2.124725103378296,
            "max": 10.934675713513522,
            "count": 12
        },
        "PlatformerAgent.Policy.ExtrinsicReward.sum": {
            "value": 1620.6066608428955,
            "min": 21.24725103378296,
            "max": 1629.2666813135147,
            "count": 12
        },
        "PlatformerAgent.IsTraining.mean": {
            "value": 1.0,
            "min": 1.0,
            "max": 1.0,
            "count": 12
        },
        "PlatformerAgent.IsTraining.sum": {
            "value": 1.0,
            "min": 1.0,
            "max": 1.0,
            "count": 12
        },
        "PlatformerAgent.Losses.PolicyLoss.mean": {
            "value": 0.025128472567303106,
            "min": 0.024147458393902827,
            "max": 0.025128472567303106,
            "count": 2
        },
        "PlatformerAgent.Losses.PolicyLoss.sum": {
            "value": 0.025128472567303106,
            "min": 0.024147458393902827,
            "max": 0.025128472567303106,
            "count": 2
        },
        "PlatformerAgent.Losses.ValueLoss.mean": {
            "value": 12.893555816014608,
            "min": 0.5638004799683889,
            "max": 12.893555816014608,
            "count": 2
        },
        "PlatformerAgent.Losses.ValueLoss.sum": {
            "value": 12.893555816014608,
            "min": 0.5638004799683889,
            "max": 12.893555816014608,
            "count": 2
        },
        "PlatformerAgent.Policy.LearningRate.mean": {
            "value": 0.00020718499893834398,
            "min": 0.00020718499893834398,
            "max": 0.0002074308788563841,
            "count": 2
        },
        "PlatformerAgent.Policy.LearningRate.sum": {
            "value": 0.00020718499893834398,
            "min": 0.00020718499893834398,
            "max": 0.0002074308788563841,
            "count": 2
        },
        "PlatformerAgent.Policy.Epsilon.mean": {
            "value": 0.16906165600000006,
            "min": 0.16906165600000006,
            "max": 0.16914361599999997,
            "count": 2
        },
        "PlatformerAgent.Policy.Epsilon.sum": {
            "value": 0.16906165600000006,
            "min": 0.16906165600000006,
            "max": 0.16914361599999997,
            "count": 2
        },
        "PlatformerAgent.Policy.Beta.mean": {
            "value": 0.0034561766344000013,
            "min": 0.0034561766344000013,
            "max": 0.003460266438400001,
            "count": 2
        },
        "PlatformerAgent.Policy.Beta.sum": {
            "value": 0.0034561766344000013,
            "min": 0.0034561766344000013,
            "max": 0.003460266438400001,
            "count": 2
        }
    },
    "metadata": {
        "timer_format_version": "0.1.0",
        "start_time_seconds": "1731597716",
        "python_version": "3.9.18 (main, Sep 11 2023, 13:30:38) [MSC v.1916 64 bit (AMD64)]",
        "command_line_arguments": "C:\\Users\\chris\\miniconda3\\envs\\torch\\Scripts\\mlagents-learn config/ppo_config.yaml --run-id=PlatformerRun4.0 --resume",
        "mlagents_version": "0.30.0",
        "mlagents_envs_version": "0.30.0",
        "communication_protocol_version": "1.5.0",
        "pytorch_version": "2.3.1+cu121",
        "numpy_version": "1.21.2",
        "end_time_seconds": "1731599137"
    },
    "total": 1420.220356,
    "count": 1,
    "self": 0.0053259999999681895,
    "children": {
        "run_training.setup": {
            "total": 0.09207330000000002,
            "count": 1,
            "self": 0.09207330000000002
        },
        "TrainerController.start_learning": {
            "total": 1420.1229567,
            "count": 1,
            "self": 1.9480234000302517,
            "children": {
                "TrainerController._reset_env": {
                    "total": 20.8596538,
                    "count": 1,
                    "self": 20.8596538
                },
                "TrainerController.advance": {
                    "total": 1397.2430833999697,
                    "count": 122455,
                    "self": 1.7378063999635742,
                    "children": {
                        "env_step": {
                            "total": 1357.8376435000018,
                            "count": 122455,
                            "self": 857.0721876999919,
                            "children": {
                                "SubprocessEnvManager._take_step": {
                                    "total": 499.3230916000059,
                                    "count": 122457,
                                    "self": 5.634120600015478,
                                    "children": {
                                        "TorchPolicy.evaluate": {
                                            "total": 493.68897099999043,
                                            "count": 118859,
                                            "self": 493.68897099999043
                                        }
                                    }
                                },
                                "workers": {
                                    "total": 1.442364200004068,
                                    "count": 122454,
                                    "self": 0.0,
                                    "children": {
                                        "worker_root": {
                                            "total": 1310.9611350000314,
                                            "count": 122454,
                                            "is_parallel": true,
                                            "self": 634.2156310000224,
                                            "children": {
                                                "steps_from_proto": {
                                                    "total": 0.001188500000001369,