{
    "name": "root",
    "metadata": {
        "timer_format_version": "0.1.0",
        "start_time_seconds": "1730349636",
        "python_version": "3.9.20 (main, Oct  3 2024, 07:38:01) [MSC v.1929 64 bit (AMD64)]",
        "command_line_arguments": "C:\\Users\\stron\\anaconda3\\envs\\unity\\Scripts\\mlagents-learn config/ppo_config.yaml --run-id=PlatformerRun --resume",
        "mlagents_version": "0.30.0",
        "mlagents_envs_version": "0.30.0",
        "communication_protocol_version": "1.5.0",
        "pytorch_version": "2.3.0",
        "numpy_version": "1.21.2",
        "end_time_seconds": "1730349790"
    },
    "total": 154.1324945,
    "count": 1,
    "self": 0.008324600000008786,
    "children": {
        "run_training.setup": {
            "total": 0.3592709000000003,
            "count": 1,
            "self": 0.3592709000000003
        },
        "TrainerController.start_learning": {
            "total": 153.76489899999999,
            "count": 1,
            "self": 0.20542169999998805,
            "children": {
                "TrainerController._reset_env": {
                    "total": 19.426383,
                    "count": 1,
                    "self": 19.426383
                },
                "TrainerController.advance": {
                    "total": 133.88517549999997,
                    "count": 3807,
                    "self": 0.20076579999999922,
                    "children": {
                        "env_step": {
                            "total": 132.2524148999999,
                            "count": 3807,
                            "self": 116.76206590000018,
                            "children": {
                                "SubprocessEnvManager._take_step": {
                                    "total": 15.360494199999764,
                                    "count": 3807,
                                    "self": 0.535045299999517,
                                    "children": {
                                        "TorchPolicy.evaluate": {
                                            "total": 14.825448900000247,
                                            "count": 3687,
                                            "self": 14.825448900000247
                                        }
                                    }
                                },
                                "workers": {
                                    "total": 0.1298547999999542,
                                    "count": 3806,
                                    "self": 0.0,
                                    "children": {
                                        "worker_root": {
                                            "total": 72.58875200000004,
                                            "count": 3806,
                                            "is_parallel": true,
                                            "self": 30.49864129999986,
                                            "children": {
                                                "steps_from_proto": {
                                                    "total": 0.000596800000000286,
                                                    "count": 1,
                                                    "is_parallel": true,
                                                    "self": 0.0002858000000003358,
                                                    "children": {
                                                        "_process_rank_one_or_two_observation": {
                                                            "total": 0.0003109999999999502,
                                                            "count": 2,
                                                            "is_parallel": true,
                                                            "self": 0.0003109999999999502
                                                        }
                                                    }
                                                },
                                                "UnityEnvironment.step": {
                                                    "total": 42.089513900000185,
                                                    "count": 3806,
                                                    "is_parallel": true,
                                                    "self": 0.6841287000000378,
                                                    "children": {
                                                        "UnityEnvironment._generate_step_input": {
                                                            "total": 1.8139699999999586,
                                                            "count": 3806,
                                                            "is_parallel": true,
                                                            "self": 1.8139699999999586
                                                        },
                                                        "communicator.exchange": {
                                                            "total": 36.87534029999993,
                                                            "count": 3806,
                                                            "is_parallel": true,
                                                            "self": 36.87534029999993
                                                        },
                                                        "steps_from_proto": {
                                                            "total": 2.716074900000258,
                                                            "count": 3806,
                                                            "is_parallel": true,
                                                            "self": 1.8123046000006688,
                                                            "children": {
                                                                "_process_rank_one_or_two_observation": {
                                                                    "total": 0.9037702999995894,
                                                                    "count": 7612,
                                                                    "is_parallel": true,
                                                                    "self": 0.9037702999995894
                                                                }
                                                            }
                                                        }
                                                    }
                                                }
                                            }
                                        }
                                    }
                                }
                            }
                        },
                        "trainer_advance": {
                            "total": 1.4319948000000728,
                            "count": 3806,
                            "self": 0.21671940000014445,
                            "children": {
                                "process_trajectory": {
                                    "total": 1.2152753999999284,
                                    "count": 3806,
                                    "self": 1.2152753999999284
                                }
                            }
                        }
                    }
                },
                "TrainerController._save_models": {
                    "total": 0.24791880000000788,
                    "count": 1,
                    "self": 0.014390900000023521,
                    "children": {
                        "RLTrainer._checkpoint": {
                            "total": 0.23352789999998436,
                            "count": 1,