{
    "name": "root",
    "gauges": {
        "PlatformerAgent.Policy.Entropy.mean": {
            "value": 0.06580100953578949,
            "min": 0.06580100953578949,
            "max": 0.07268378883600235,
            "count": 8
        },
        "PlatformerAgent.Policy.Entropy.sum": {
            "value": 657.35205078125,
            "min": 488.1370544433594,
            "max": 728.0008544921875,
            "count": 8
        },
        "PlatformerAgent.Environment.EpisodeLength.mean": {
            "value": 27.380681818181817,
            "min": 27.380681818181817,
            "max": 28.313304721030043,
            "count": 8
        },
        "PlatformerAgent.Environment.EpisodeLength.sum": {
            "value": 9638.0,
            "min": 6597.0,
            "max": 9665.0,
            "count": 8
        },
        "PlatformerAgent.Step.mean": {
            "value": 4389976.0,
            "min": 4319982.0,
            "max": 4389976.0,
            "count": 8
        },
        "PlatformerAgent.Step.sum": {
            "value": 4389976.0,
            "min": 4319982.0,
            "max": 4389976.0,
            "count": 8
        },
        "PlatformerAgent.Policy.ExtrinsicValueEstimate.mean": {
            "value": -3.683799982070923,
            "min": -4.94635534286499,
            "max": -3.683799982070923,
            "count": 8
        },
        "PlatformerAgent.Policy.ExtrinsicValueEstimate.sum": {
            "value": -1296.6976318359375,
            "min": -1707.52685546875,
            "max": -1147.554443359375,
            "count": 8
        },
        "PlatformerAgent.Environment.CumulativeReward.mean": {
            "value": -2.535278669135137,
            "min": -2.5387158836637225,
            "max": -2.5026191750238107,
            "count": 8
        },
        "PlatformerAgent.Environment.CumulativeReward.sum": {
            "value": -892.4180915355682,
            "min": -892.4180915355682,
            "max": -585.8951661586761,
            "count": 8
        },
        "PlatformerAgent.Policy.ExtrinsicReward.mean": {
            "value": -2.535278669135137,
            "min": -2.5387158836637225,
            "max": -2.5026191750238107,
            "count": 8
        },
        "PlatformerAgent.Policy.ExtrinsicReward.sum": {
            "value": -892.4180915355682,
            "min": -892.4180915355682,
            "max": -585.8951661586761,
            "count": 8
        },
        "PlatformerAgent.IsTraining.mean": {
            "value": 1.0,
            "min": 1.0,
            "max": 1.0,
            "count": 8
        },
        "PlatformerAgent.IsTraining.sum": {
            "value": 1.0,
            "min": 1.0,
            "max": 1.0,
            "count": 8
        },
        "PlatformerAgent.Losses.PolicyLoss.mean": {
            "value": 0.023494812962599098,
            "min": 0.023494812962599098,
            "max": 0.023494812962599098,
            "count": 1
        },
        "PlatformerAgent.Losses.PolicyLoss.sum": {
            "value": 0.023494812962599098,
            "min": 0.023494812962599098,
            "max": 0.023494812962599098,
            "count": 1
        },
        "PlatformerAgent.Losses.ValueLoss.mean": {
            "value": 0.17468992127105593,
            "min": 0.17468992127105593,
            "max": 0.17468992127105593,
            "count": 1
        },
        "PlatformerAgent.Losses.ValueLoss.sum": {
            "value": 0.17468992127105593,
            "min": 0.17468992127105593,
            "max": 0.17468992127105593,
            "count": 1
        },
        "PlatformerAgent.Policy.LearningRate.mean": {
            "value": 0.000273875024708328,
            "min": 0.000273875024708328,
            "max": 0.000273875024708328,
            "count": 1
        },
        "PlatformerAgent.Policy.LearningRate.sum": {
            "value": 0.000273875024708328,
            "min": 0.000273875024708328,
            "max": 0.000273875024708328,
            "count": 1
        },
        "PlatformerAgent.Policy.Epsilon.mean": {
            "value": 0.19129167200000005,
            "min": 0.19129167200000005,
            "max": 0.19129167200000005,
            "count": 1
        },
        "PlatformerAgent.Policy.Epsilon.sum": {
            "value": 0.19129167200000005,
            "min": 0.19129167200000005,
            "max": 0.19129167200000005,
            "count": 1
        },
        "PlatformerAgent.Policy.Beta.mean": {
            "value": 0.0045654544328,
            "min": 0.0045654544328,
            "max": 0.0045654544328,
            "count": 1
        },
        "PlatformerAgent.Policy.Beta.sum": {
            "value": 0.0045654544328,
            "min": 0.0045654544328,
            "max": 0.0045654544328,
            "count": 1
        }
    },
    "metadata": {
        "timer_format_version": "0.1.0",
        "start_time_seconds": "1729743075",
        "python_version": "3.9.18 (main, Sep 11 2023, 13:30:38) [MSC v.1916 64 bit (AMD64)]",
        "command_line_arguments": "C:\\Users\\chris\\miniconda3\\envs\\torch\\Scripts\\mlagents-learn config/ppo_config.yaml --run-id=PlatformerRun --resume",
        "mlagents_version": "0.30.0",
        "mlagents_envs_version": "0.30.0",
        "communication_protocol_version": "1.5.0",
        "pytorch_version": "2.3.1+cu121",
        "numpy_version": "1.21.2",
        "end_time_seconds": "1729743802"
    },
    "total": 726.8360496,
    "count": 1,
    "self": 0.005570099999999911,
    "children": {
        "run_training.setup": {
            "total": 0.08972510000000078,
            "count": 1,
            "self": 0.08972510000000078
        },
        "TrainerController.start_learning": {
            "total": 726.7407544,
            "count": 1,
            "self": 0.9822802000015827,
            "children": {
                "TrainerController._reset_env": {
                    "total": 11.9831889,
                    "count": 1,
                    "self": 11.9831889
                },
                "TrainerController.advance": {
                    "total": 713.6352395999985,
                    "count": 82960,
                    "self": 0.9289655999955357,
                    "children": {
                        "env_step": {
                            "total": 691.4148295999985,
                            "count": 82960,
                            "self": 415.8903044000117,
                            "children": {
                                "SubprocessEnvManager._take_step": {
                                    "total": 274.80332739999176,
                                    "count": 82962,
                                    "self": 3.0054804999863336,
                                    "children": {
                                        "TorchPolicy.evaluate": {
                                            "total": 271.7978469000054,
                                            "count": 80178,
                                            "self": 271.7978469000054
                                        }
                                    }
                                },
                                "workers": {
                                    "total": 0.7211977999950037,
                                    "count": 82959,
                                    "self": 0.0,
                                    "children": {
                                        "worker_root": {
                                            "total": 623.7870230999924,
                                            "count": 82959,
                                            "is_parallel": true,
                                            "self": 348.61715859999384,
                                            "children": {
                                                "steps_from_proto": {
                                                    "total": 0.0010763999999987561,