{
    "name": "root",
    "gauges": {
        "PlatformerAgent.Policy.Entropy.mean": {
            "value": 0.04985770583152771,
            "min": 0.04985770583152771,
            "max": 0.05352088436484337,
            "count": 4
        },
        "PlatformerAgent.Policy.Entropy.sum": {
            "value": 499.42462158203125,
            "min": 163.9879913330078,
            "max": 510.9491882324219,
            "count": 4
        },
        "PlatformerAgent.Environment.EpisodeLength.mean": {
            "value": 27.296610169491526,
            "min": 27.296610169491526,
            "max": 27.90566037735849,
            "count": 4
        },
        "PlatformerAgent.Environment.EpisodeLength.sum": {
            "value": 9663.0,
            "min": 2958.0,
            "max": 9663.0,
            "count": 4
        },
        "PlatformerAgent.Step.mean": {
            "value": 4429999.0,
            "min": 4399987.0,
            "max": 4429999.0,
            "count": 4
        },
        "PlatformerAgent.Step.sum": {
            "value": 4429999.0,
            "min": 4399987.0,
            "max": 4429999.0,
            "count": 4
        },
        "PlatformerAgent.Policy.ExtrinsicValueEstimate.mean": {
            "value": 2.862830877304077,
            "min": 2.862830877304077,
            "max": 3.58335542678833,
            "count": 4
        },
        "PlatformerAgent.Policy.ExtrinsicValueEstimate.sum": {
            "value": 1013.442138671875,
            "min": 376.2523193359375,
            "max": 1097.9136962890625,
            "count": 4
        },
        "PlatformerAgent.Environment.CumulativeReward.mean": {
            "value": -2.5390849510828652,
            "min": -2.5390849510828652,
            "max": -2.4806583245595295,
            "count": 4
        },
        "PlatformerAgent.Environment.CumulativeReward.sum": {
            "value": -898.8360726833344,
            "min": -898.8360726833344,
            "max": -260.4691240787506,
            "count": 4
        },
        "PlatformerAgent.Policy.ExtrinsicReward.mean": {
            "value": -2.5390849510828652,
            "min": -2.5390849510828652,
            "max": -2.4806583245595295,
            "count": 4
        },
        "PlatformerAgent.Policy.ExtrinsicReward.sum": {
            "value": -898.8360726833344,
            "min": -898.8360726833344,
            "max": -260.4691240787506,
            "count": 4
        },
        "PlatformerAgent.IsTraining.mean": {
            "value": 1.0,
            "min": 1.0,
            "max": 1.0,
            "count": 4
        },
        "PlatformerAgent.IsTraining.sum": {
            "value": 1.0,
            "min": 1.0,
            "max": 1.0,
            "count": 4
        }
    },
    "metadata": {
        "timer_format_version": "0.1.0",
        "start_time_seconds": "1730485934",
        "python_version": "3.9.18 (main, Sep 11 2023, 13:30:38) [MSC v.1916 64 bit (AMD64)]",
        "command_line_arguments": "C:\\Users\\chris\\miniconda3\\envs\\torch\\Scripts\\mlagents-learn config/ppo_config.yaml --run-id=PlatformerRun --resume",
        "mlagents_version": "0.30.0",
        "mlagents_envs_version": "0.30.0",
        "communication_protocol_version": "1.5.0",
        "pytorch_version": "2.3.1+cu121",
        "numpy_version": "1.21.2",
        "end_time_seconds": "1730486251"
    },
    "total": 316.3185061,
    "count": 1,
    "self": 0.006674599999996644,
    "children": {
        "run_training.setup": {
            "total": 0.1001076000000003,
            "count": 1,
            "self": 0.1001076000000003
        },
        "TrainerController.start_learning": {
            "total": 316.2117239,
            "count": 1,
            "self": 0.6392198000038434,
            "children": {
                "TrainerController._reset_env": {
                    "total": 12.896901100000001,
                    "count": 1,
                    "self": 12.896901100000001
                },
                "TrainerController.advance": {
                    "total": 302.54083949999614,
                    "count": 42368,
                    "self": 0.560149499996669,
                    "children": {
                        "env_step": {
                            "total": 292.09172489999975,
                            "count": 42368,
                            "self": 133.8667880999998,
                            "children": {
                                "SubprocessEnvManager._take_step": {
                                    "total": 157.77438419999666,
                                    "count": 42368,
                                    "self": 1.8482457999925828,
                                    "children": {
                                        "TorchPolicy.evaluate": {
                                            "total": 155.92613840000408,
                                            "count": 40976,
                                            "self": 155.92613840000408
                                        }
                                    }
                                },
                                "workers": {
                                    "total": 0.45055260000327735,
                                    "count": 42368,
                                    "self": 0.0,
                                    "children": {
                                        "worker_root": {
                                            "total": 301.78304969999965,
                                            "count": 42368,
                                            "is_parallel": true,
                                            "self": 197.97659049999766,
                                            "children": {
                                                "steps_from_proto": {
                                                    "total": 0.0004240000000006461,
                                                    "count": 1,
                                                    "is_parallel": true,
                                                    "self": 0.00021360000000036905,
                                                    "children": {
                                                        "_process_rank_one_or_two_observation": {
                                                            "total": 0.00021040000000027703,
                                                            "count": 2,
                                                            "is_parallel": true,
                                                            "self": 0.00021040000000027703
                                                        }
                                                    }
                                                },
                                                "UnityEnvironment.step": {
                                                    "total": 103.80603520000201,
                                                    "count": 42368,
                                                    "is_parallel": true,
                                                    "self": 2.4945574000051067,
                                                    "children": {
                                                        "UnityEnvironment._generate_step_input": {
                                                            "total": 2.276903700000682,
                                                            "count": 42368,
                                                            "is_parallel": true,
                                                            "self": 2.276903700000682
                                                        },
                                                        "communicator.exchange": {
                                                            "total": 90.81222439999951,
                                                            "count": 42368,