{"count":1,"self":186.6365696,"total":186.73477019999999,"children":{"InitializeActuators":{"count":1,"self":0.001993,"total":0.001993,"children":null},"InitializeSensors":{"count":1,"self":0.0020661,"total":0.0020661,"children":null},"AgentSendState":{"count":400,"self":0.0019889,"total":0.027193799999999997,"children":{"CollectObservations":{"count":80,"self":0.012793299999999999,"total":0.012793299999999999,"children":null},"WriteActionMask":{"count":80,"self":0.0010107999999999998,"total":0.0010107999999999998,"children":null},"RequestDecision":{"count":80,"self":0.011400799999999999,"total":0.011400799999999999,"children":null}}},"DecideAction":{"count":400,"self":0.0650076,"total":0.0650076,"children":null},"AgentAct":{"count":400,"self":0.0019448999999999998,"total":0.0019448999999999998,"children":null}},"gauges":{"PlatformerAgent.CumulativeReward":{"count":2,"max":5.501961,"min":4.297419,"runningAverage":4.89969,"value":4.297419,"weightedAverage":5.20082569}},"metadata":{"timer_format_version":"0.1.0","start_time_seconds":"1745601361","unity_version":"6000.0.23f1","command_line_arguments":"C:\\Program Files\\Unity\\Hub\\Editor\\6000.0.23f1\\Editor\\Unity.exe -projectpath C:\\Users\\stron\\OneDrive\\Documents\\GitHub\\EECS581-Project3 -useHub -hubIPC -cloudEnvironment production","communication_protocol_version":"1.5.0","com.unity.ml-agents_version":"3.0.0","scene_name":"ELTest","end_time_seconds":"1745601548"}}