{"count":1,"self":16.2678784,"total":16.3463285,"children":{"InitializeActuators":{"count":1,"self":0.0010004999999999999,"total":0.0010004999999999999,"children":null},"InitializeSensors":{"count":1,"self":0.00099629999999999988,"total":0.00099629999999999988,"children":null},"AgentSendState":{"count":537,"self":0.0031103999999999997,"total":0.0213053,"children":{"CollectObservations":{"count":108,"self":0.0099978999999999988,"total":0.0099978999999999988,"children":null},"WriteActionMask":{"count":108,"self":0.0010073,"total":0.0010073,"children":null},"RequestDecision":{"count":108,"self":0.0071896999999999994,"total":0.0071896999999999994,"children":null}}},"DecideAction":{"count":537,"self":0.052145399999999995,"total":0.052145399999999995,"children":null},"AgentAct":{"count":537,"self":0.0020020999999999997,"total":0.0020020999999999997,"children":null}},"gauges":{"PlatformerAgent.CumulativeReward":{"count":1,"max":21.2867527,"min":21.2867527,"runningAverage":21.2867527,"value":21.2867527,"weightedAverage":21.2867527}},"metadata":{"timer_format_version":"0.1.0","start_time_seconds":"1743363858","unity_version":"6000.0.23f1","command_line_arguments":"E:\\6000.0.23f1\\Editor\\Unity.exe -projectpath F:\\Users\\kwmea\\Github\\EECS581-Platformer -useHub -hubIPC -cloudEnvironment production","communication_protocol_version":"1.5.0","com.unity.ml-agents_version":"3.0.0","scene_name":"Level1","end_time_seconds":"1743363874"}}