{"count":1,"self":49.0052672,"total":49.7580965,"children":{"InitializeActuators":{"count":1,"self":0.0042648999999999994,"total":0.0042648999999999994,"children":null},"InitializeSensors":{"count":1,"self":0.0019215999999999999,"total":0.0019215999999999999,"children":null},"AgentSendState":{"count":2127,"self":0.014209399999999999,"total":0.1393845,"children":{"CollectObservations":{"count":426,"self":0.1048476,"total":0.1048476,"children":null},"WriteActionMask":{"count":426,"self":0.0009878,"total":0.0009878,"children":null},"RequestDecision":{"count":426,"self":0.019339699999999998,"total":0.019339699999999998,"children":null}}},"DecideAction":{"count":2127,"self":0.5758447,"total":0.5758447,"children":null},"AgentAct":{"count":2127,"self":0.029416699999999997,"total":0.029416699999999997,"children":null}},"gauges":{"PlatformerAgent.CumulativeReward":{"count":9,"max":21.26999,"min":3.44956374,"runningAverage":9.560638,"value":11.221302,"weightedAverage":11.2021513}},"metadata":{"timer_format_version":"0.1.0","start_time_seconds":"1743445387","unity_version":"6000.0.23f1","command_line_arguments":"C:\\Program Files\\Unity\\Hub\\Editor\\6000.0.23f1\\Editor\\Unity.exe -projectpath C:\\Users\\stron\\OneDrive\\Documents\\GitHub\\EECS581-Project3 -useHub -hubIPC -cloudEnvironment production","communication_protocol_version":"1.5.0","com.unity.ml-agents_version":"3.0.0","scene_name":"Level1","end_time_seconds":"1743445437"}}