{"count":1,"self":29.444003199999997,"total":29.674715499999998,"children":{"InitializeActuators":{"count":2,"self":0.0046663999999999994,"total":0.0046663999999999994,"children":null},"InitializeSensors":{"count":2,"self":0.0035072999999999997,"total":0.0035072999999999997,"children":null},"AgentSendState":{"count":1163,"self":0.014580399999999999,"total":0.1902751,"children":{"CollectObservations":{"count":466,"self":0.1641827,"total":0.1641827,"children":null},"WriteActionMask":{"count":466,"self":0.0006382,"total":0.0006382,"children":null},"RequestDecision":{"count":466,"self":0.0108738,"total":0.0108738,"children":null}}},"DecideAction":{"count":1163,"self":0.018908599999999998,"total":0.018908599999999998,"children":null},"AgentAct":{"count":1163,"self":0.011357899999999999,"total":0.011357899999999999,"children":null}},"gauges":{"PlatformerAgent.CumulativeReward":{"count":5,"max":2.67188358,"min":0.6482423,"runningAverage":1.575586,"value":0.6482423,"weightedAverage":1.37051022}},"metadata":{"timer_format_version":"0.1.0","start_time_seconds":"1732637363","unity_version":"6000.0.23f1","command_line_arguments":"C:\\Program Files\\Unity\\Hub\\Editor\\6000.0.23f1\\Editor\\Unity.exe -projectpath C:\\Users\\stron\\OneDrive\\Documents\\GitHub\\EECS581-Project3 -useHub -hubIPC -cloudEnvironment production","communication_protocol_version":"1.5.0","com.unity.ml-agents_version":"3.0.0","scene_name":"Level6","end_time_seconds":"1732637393"}}