{"count":1,"self":31.6904352,"total":31.885536599999998,"children":{"InitializeActuators":{"count":2,"self":0.0015141999999999998,"total":0.0015141999999999998,"children":null},"InitializeSensors":{"count":2,"self":0.0010069999999999999,"total":0.0010069999999999999,"children":null},"AgentSendState":{"count":1327,"self":0.0030055,"total":0.0606969,"children":{"CollectObservations":{"count":532,"self":0.0481514,"total":0.0481514,"children":null},"WriteActionMask":{"count":532,"self":0.0010008999999999999,"total":0.0010008999999999999,"children":null},"RequestDecision":{"count":532,"self":0.0085390999999999991,"total":0.0085390999999999991,"children":null}}},"DecideAction":{"count":1327,"self":0.12388049999999999,"total":0.12388049999999999,"children":null},"AgentAct":{"count":1327,"self":0.0070028999999999994,"total":0.0070028999999999994,"children":null}},"gauges":{"PlatformerAgent.CumulativeReward":{"count":13,"max":21.6301823,"min":1.88924134,"runningAverage":6.946708,"value":2.30172014,"weightedAverage":5.718188}},"metadata":{"timer_format_version":"0.1.0","start_time_seconds":"1739650521","unity_version":"6000.0.23f1","command_line_arguments":"E:\\6000.0.23f1\\Editor\\Unity.exe -projectpath F:\\Users\\kwmea\\Github\\EECS581-Platformer -useHub -hubIPC -cloudEnvironment production","communication_protocol_version":"1.5.0","com.unity.ml-agents_version":"3.0.0","scene_name":"Level2","end_time_seconds":"1739650553"}}