{"count":1,"self":22.1583552,"total":22.1984985,"children":{"InitializeActuators":{"count":1,"self":0.0015096999999999999,"total":0.0015096999999999999,"children":null},"InitializeSensors":{"count":1,"self":0.0010054999999999999,"total":0.0010054999999999999,"children":null},"AgentSendState":{"count":841,"self":0.0040342,"total":0.0264713,"children":{"CollectObservations":{"count":169,"self":0.021436399999999998,"total":0.021436399999999998,"children":null},"WriteActionMask":{"count":169,"self":0,"total":0,"children":null},"RequestDecision":{"count":169,"self":0.0010007,"total":0.0010007,"children":null}}},"DecideAction":{"count":841,"self":0.0076397999999999995,"total":0.0076397999999999995,"children":null},"AgentAct":{"count":841,"self":0.0035169999999999997,"total":0.0035169999999999997,"children":null}},"gauges":{"PlatformerAgent.CumulativeReward":{"count":4,"max":6.37516356,"min":-6.657518,"runningAverage":-2.49599648,"value":-5.18110657,"weightedAverage":-4.055008}},"metadata":{"timer_format_version":"0.1.0","start_time_seconds":"1731175396","unity_version":"6000.0.23f1","command_line_arguments":"C:\\Program Files\\Unity\\Hub\\Editor\\6000.0.23f1\\Editor\\Unity.exe -projectpath C:\\Users\\chris\\Desktop\\581\\RoboRacer\\EECS581-Platformer -useHub -hubIPC -cloudEnvironment production","communication_protocol_version":"1.5.0","com.unity.ml-agents_version":"3.0.0","scene_name":"Level3","end_time_seconds":"1731175418"}}