{"count":1,"self":25.553553599999997,"total":25.9282275,"children":{"InitializeActuators":{"count":1,"self":0.00050829999999999994,"total":0.00050829999999999994,"children":null},"InitializeSensors":{"count":1,"self":0.0020235,"total":0.0020235,"children":null},"AgentSendState":{"count":1031,"self":0.0047104999999999994,"total":0.045453,"children":{"CollectObservations":{"count":207,"self":0.028046099999999997,"total":0.028046099999999997,"children":null},"WriteActionMask":{"count":207,"self":0.0010073999999999999,"total":0.0010073999999999999,"children":null},"RequestDecision":{"count":207,"self":0.011689,"total":0.011689,"children":null}}},"DecideAction":{"count":1031,"self":0.3175533,"total":0.3175533,"children":null},"AgentAct":{"count":1031,"self":0.0081347,"total":0.0081347,"children":null}},"gauges":{"PlatformerAgent.CumulativeReward":{"count":5,"max":2.68474841,"min":2.20509887,"runningAverage":2.41286373,"value":2.68474841,"weightedAverage":2.41160822}},"metadata":{"timer_format_version":"0.1.0","start_time_seconds":"1745808525","unity_version":"6000.0.23f1","command_line_arguments":"C:\\Program Files\\Unity\\Hub\\Editor\\6000.0.23f1\\Editor\\Unity.exe -projectpath C:\\Users\\chris\\Desktop\\581\\RoboRacer\\EECS581-Platformer -useHub -hubIPC -cloudEnvironment production","communication_protocol_version":"1.5.0","com.unity.ml-agents_version":"3.0.0","scene_name":"Level2","end_time_seconds":"1745808551"}}