{"count":1,"self":25.704780799999998,"total":25.885399399999997,"children":{"InitializeActuators":{"count":4,"self":0.0010008999999999999,"total":0.0010008999999999999,"children":null},"InitializeSensors":{"count":4,"self":0.0010017,"total":0.0010017,"children":null},"AgentSendState":{"count":1014,"self":0.0010056,"total":0.0614609,"children":{"CollectObservations":{"count":406,"self":0.04743,"total":0.04743,"children":null},"WriteActionMask":{"count":406,"self":0.0030042999999999997,"total":0.0030042999999999997,"children":null},"RequestDecision":{"count":406,"self":0.010021,"total":0.010021,"children":null}}},"DecideAction":{"count":1014,"self":0.1131538,"total":0.1131538,"children":null},"AgentAct":{"count":1014,"self":0.0030007999999999996,"total":0.0030007999999999996,"children":null}},"gauges":{"PlatformerAgent.CumulativeReward":{"count":26,"max":10.3946323,"min":-1.0223825,"runningAverage":-0.271477938,"value":-0.988531,"weightedAverage":-0.936124861}},"metadata":{"timer_format_version":"0.1.0","start_time_seconds":"1739650347","unity_version":"6000.0.23f1","command_line_arguments":"E:\\6000.0.23f1\\Editor\\Unity.exe -projectpath F:\\Users\\kwmea\\Github\\EECS581-Platformer -useHub -hubIPC -cloudEnvironment production","communication_protocol_version":"1.5.0","com.unity.ml-agents_version":"3.0.0","scene_name":"Level4","end_time_seconds":"1739650373"}}