{"count":1,"self":27.816736,"total":28.002502699999997,"children":{"InitializeActuators":{"count":2,"self":0.0010008,"total":0.0010008,"children":null},"InitializeSensors":{"count":2,"self":0.0010008999999999999,"total":0.0010008999999999999,"children":null},"AgentSendState":{"count":1127,"self":0.0035992999999999997,"total":0.0447134,"children":{"CollectObservations":{"count":452,"self":0.030584,"total":0.030584,"children":null},"WriteActionMask":{"count":452,"self":0.0010205,"total":0.0010205,"children":null},"RequestDecision":{"count":452,"self":0.0095096,"total":0.0095096,"children":null}}},"DecideAction":{"count":1127,"self":0.13318929999999998,"total":0.13318929999999998,"children":null},"AgentAct":{"count":1127,"self":0.0048598999999999995,"total":0.0048598999999999995,"children":null}},"gauges":{"PlatformerAgent.CumulativeReward":{"count":4,"max":14.0645313,"min":6.45988035,"runningAverage":12.0886641,"value":13.9882488,"weightedAverage":12.588295}},"metadata":{"timer_format_version":"0.1.0","start_time_seconds":"1739739144","unity_version":"6000.0.23f1","command_line_arguments":"E:\\6000.0.23f1\\Editor\\Unity.exe -projectpath F:\\Users\\kwmea\\Github\\EECS581-Platformer -useHub -hubIPC -cloudEnvironment production","communication_protocol_version":"1.5.0","com.unity.ml-agents_version":"3.0.0","scene_name":"Level5","end_time_seconds":"1739739172"}}