{"count":1,"self":183.3310592,"total":183.8658945,"children":{"InitializeActuators":{"count":1,"self":0.0025751999999999997,"total":0.0025751999999999997,"children":null},"InitializeSensors":{"count":1,"self":0.001009,"total":0.001009,"children":null},"AgentSendState":{"count":2221,"self":0.0072714,"total":0.039543499999999995,"children":{"CollectObservations":{"count":445,"self":0.0181516,"total":0.0181516,"children":null},"WriteActionMask":{"count":445,"self":0.0010073999999999999,"total":0.0010073999999999999,"children":null},"RequestDecision":{"count":445,"self":0.013113099999999999,"total":0.013113099999999999,"children":null}}},"DecideAction":{"count":2221,"self":0.44732469999999996,"total":0.44732469999999996,"children":null},"AgentAct":{"count":2221,"self":0.0433865,"total":0.0433865,"children":null}},"gauges":{"PlatformerAgent.CumulativeReward":{"count":15,"max":6.5670495,"min":-4.755737,"runningAverage":3.51035118,"value":6.36408758,"weightedAverage":4.9256}},"metadata":{"timer_format_version":"0.1.0","start_time_seconds":"1730560478","unity_version":"6000.0.23f1","command_line_arguments":"C:\\Program Files\\Unity\\Hub\\Editor\\6000.0.23f1\\Editor\\Unity.exe -projectpath C:\\Users\\chris\\Desktop\\581\\RoboRacer\\EECS581-Platformer -useHub -hubIPC -cloudEnvironment production","communication_protocol_version":"1.5.0","com.unity.ml-agents_version":"3.0.0","scene_name":"Level3","end_time_seconds":"1730560662"}}