{"count":1,"self":4801.7256448,"total":31833.494894299998,"children":{"InitializeActuators":{"count":410,"self":0.0079834,"total":0.0079834,"children":null},"InitializeSensors":{"count":410,"self":0.0050796999999999995,"total":0.0050796999999999995,"children":null},"AgentSendState":{"count":20968625,"self":25.913689599999998,"total":561.6372139,"children":{"CollectObservations":{"count":4193725,"self":464.1593856,"total":464.15938409999995,"children":null},"WriteActionMask":{"count":4193725,"self":2.765406,"total":2.7654058999999998,"children":null},"RequestDecision":{"count":4193725,"self":15.5273392,"total":68.7987346,"children":{"AgentInfo.ToProto":{"count":4193725,"self":15.104169599999999,"total":53.2713957,"children":{"GenerateSensorData":{"count":4193725,"self":38.167225599999995,"total":38.167226899999996,"children":null}}}}}}},"DecideAction":{"count":20968625,"self":26428.846899199998,"total":26428.846829799997,"children":null},"AgentAct":{"count":20968625,"self":40.2563968,"total":40.2563969,"children":null},"AgentInfo.ToProto":{"count":76289,"self":0.3497066,"total":1.0158338,"children":{"GenerateSensorData":{"count":76289,"self":0.66612719999999992,"total":0.66612719999999992,"children":null}}}},"gauges":{"PlatformerAgent.CumulativeReward":{"count":76196,"max":10.2445784,"min":-31.167429,"runningAverage":2.30436778,"value":10.0176287,"weightedAverage":4.2012043}},"metadata":{"timer_format_version":"0.1.0","start_time_seconds":"1730958807","unity_version":"6000.0.23f1","command_line_arguments":"C:\\Program Files\\Unity\\Hub\\Editor\\6000.0.23f1\\Editor\\Unity.exe -projectpath C:\\Users\\chris\\Desktop\\581\\RoboRacer\\EECS581-Platformer -useHub -hubIPC -cloudEnvironment production","communication_protocol_version":"1.5.0","com.unity.ml-agents_version":"3.0.0","scene_name":"Level2","end_time_seconds":"1730990640"}}