{"count":1,"self":22.8087168,"total":23.0710317,"children":{"InitializeActuators":{"count":2,"self":0.0020342999999999997,"total":0.0020342999999999997,"children":null},"InitializeSensors":{"count":2,"self":0.0019947999999999997,"total":0.0019947999999999997,"children":null},"AgentSendState":{"count":841,"self":0.0061718,"total":0.091306299999999993,"children":{"CollectObservations":{"count":338,"self":0.0663231,"total":0.0663231,"children":null},"WriteActionMask":{"count":338,"self":0.0008527,"total":0.0008527,"children":null},"RequestDecision":{"count":338,"self":0.017958699999999998,"total":0.017958699999999998,"children":null}}},"DecideAction":{"count":841,"self":0.15116459999999998,"total":0.15116459999999998,"children":null},"AgentAct":{"count":841,"self":0.0138185,"total":0.0138185,"children":null}},"gauges":{"PlatformerAgent.CumulativeReward":{"count":7,"max":22.1063766,"min":2.01477766,"runningAverage":7.70357943,"value":6.012982,"weightedAverage":8.280018}},"metadata":{"timer_format_version":"0.1.0","start_time_seconds":"1740884301","unity_version":"6000.0.23f1","command_line_arguments":"C:\\Program Files\\Unity\\Hub\\Editor\\6000.0.23f1\\Editor\\Unity.exe -projectpath C:\\Users\\stron\\OneDrive\\Documents\\GitHub\\EECS581-Project3 -useHub -hubIPC -cloudEnvironment production","communication_protocol_version":"1.5.0","com.unity.ml-agents_version":"3.0.0","scene_name":"Level2","end_time_seconds":"1740884324"}}