{"count":1,"self":29.674044799999997,"total":30.2718287,"children":{"InitializeActuators":{"count":5,"self":0.0010058,"total":0.0010058,"children":null},"InitializeSensors":{"count":5,"self":0.0010069999999999999,"total":0.0010069999999999999,"children":null},"AgentSendState":{"count":1218,"self":0.0060288999999999994,"total":0.1395297,"children":{"CollectObservations":{"count":1220,"self":0.1209257,"total":0.1209257,"children":null},"WriteActionMask":{"count":1220,"self":0,"total":0,"children":null},"RequestDecision":{"count":1220,"self":0.012575099999999999,"total":0.012575099999999999,"children":null}}},"DecideAction":{"count":1218,"self":0.44714689999999996,"total":0.44714689999999996,"children":null},"AgentAct":{"count":1218,"self":0.0080860999999999988,"total":0.0080860999999999988,"children":null}},"gauges":{"PlatformerAgent.CumulativeReward":{"count":7,"max":19.4903526,"min":6.168647,"runningAverage":12.2879858,"value":12.1616468,"weightedAverage":11.900197}},"metadata":{"timer_format_version":"0.1.0","start_time_seconds":"1745814690","unity_version":"6000.0.23f1","command_line_arguments":"C:\\Program Files\\Unity\\Hub\\Editor\\6000.0.23f1\\Editor\\Unity.exe -projectpath C:\\Users\\chris\\Desktop\\581\\RoboRacer\\EECS581-Platformer -useHub -hubIPC -cloudEnvironment production","communication_protocol_version":"1.5.0","com.unity.ml-agents_version":"3.0.0","scene_name":"Level6","end_time_seconds":"1745814721"}}