{"count":1,"self":86.5845312,"total":241.0749239,"children":{"InitializeActuators":{"count":4,"self":0.0025039,"total":0.0025039,"children":null},"InitializeSensors":{"count":4,"self":0.0015033,"total":0.0015033,"children":null},"AgentSendState":{"count":117901,"self":0.1474742,"total":3.1799982,"children":{"CollectObservations":{"count":23581,"self":2.5978296,"total":2.5978296999999997,"children":null},"WriteActionMask":{"count":23581,"self":0.013066,"total":0.013066,"children":null},"RequestDecision":{"count":23581,"self":0.102555,"total":0.42162829999999996,"children":{"AgentInfo.ToProto":{"count":23581,"self":0.0934882,"total":0.3190733,"children":{"GenerateSensorData":{"count":23581,"self":0.22558509999999998,"total":0.22558509999999998,"children":null}}}}}}},"DecideAction":{"count":117901,"self":151.0178944,"total":151.01789879999998,"children":null},"AgentAct":{"count":117901,"self":0.28193999999999997,"total":0.28193999999999997,"children":null},"AgentInfo.ToProto":{"count":451,"self":0.0030231,"total":0.0065499,"children":{"GenerateSensorData":{"count":451,"self":0.0035267999999999996,"total":0.0035267999999999996,"children":null}}}},"gauges":{"PlatformerAgent.CumulativeReward":{"count":451,"max":10.0471277,"min":-5.592172,"runningAverage":4.645901,"value":-1.164896,"weightedAverage":-1.5126102}},"metadata":{"timer_format_version":"0.1.0","start_time_seconds":"1731131828","unity_version":"6000.0.23f1","command_line_arguments":"C:\\Program Files\\Unity\\Hub\\Editor\\6000.0.23f1\\Editor\\Unity.exe -projectpath C:\\Users\\chris\\Desktop\\581\\RoboRacer\\EECS581-Platformer -useHub -hubIPC -cloudEnvironment production","communication_protocol_version":"1.5.0","com.unity.ml-agents_version":"3.0.0","scene_name":"Level4","end_time_seconds":"1731132069"}}