{"count":1,"self":4487.624704,"total":29673.2727818,"children":{"InitializeActuators":{"count":6,"self":0.0020625,"total":0.0020625,"children":null},"InitializeSensors":{"count":6,"self":0.0015304,"total":0.0015304,"children":null},"AgentSendState":{"count":19253224,"self":24.722175999999997,"total":566.8080951,"children":{"CollectObservations":{"count":3850645,"self":476.0938496,"total":476.09384719999997,"children":null},"WriteActionMask":{"count":3850645,"self":2.7423211999999997,"total":2.7423213,"children":null},"RequestDecision":{"count":3850645,"self":14.319483199999999,"total":63.249750299999995,"children":{"AgentInfo.ToProto":{"count":3782282,"self":13.2492992,"total":48.930267199999996,"children":{"GenerateSensorData":{"count":3782282,"self":35.6809696,"total":35.680968199999995,"children":null}}}}}}},"DecideAction":{"count":19253224,"self":24575.361023999998,"total":24575.361531299997,"children":null},"AgentAct":{"count":19253224,"self":40.524915199999995,"total":40.524916399999995,"children":{"AgentInfo.ToProto":{"count":37,"self":0,"total":0,"children":{"GenerateSensorData":{"count":37,"self":0,"total":0,"children":null}}}}},"AgentInfo.ToProto":{"count":215447,"self":0.9237253,"total":2.9499741,"children":{"GenerateSensorData":{"count":215447,"self":2.0262488,"total":2.0262488,"children":null}}}},"gauges":{"PlatformerAgent.CumulativeReward":{"count":216439,"max":10.2509937,"min":-53.2780647,"runningAverage":-3.48853636,"value":-49.99915,"weightedAverage":-46.0693741}},"metadata":{"timer_format_version":"0.1.0","start_time_seconds":"1731175729","unity_version":"6000.0.23f1","command_line_arguments":"C:\\Program Files\\Unity\\Hub\\Editor\\6000.0.23f1\\Editor\\Unity.exe -projectpath C:\\Users\\chris\\Desktop\\581\\RoboRacer\\EECS581-Platformer -useHub -hubIPC -cloudEnvironment production","communication_protocol_version":"1.5.0","com.unity.ml-agents_version":"3.0.0","scene_name":"Level6","end_time_seconds":"1731205402"}}