{"count":1,"self":26.4614288,"total":26.491189199999997,"children":{"InitializeActuators":{"count":2,"self":0.0015191999999999998,"total":0.0015191999999999998,"children":null},"InitializeSensors":{"count":2,"self":0.0010115999999999999,"total":0.0010115999999999999,"children":null},"AgentSendState":{"count":1000,"self":0.0032833,"total":0.0155862,"children":{"CollectObservations":{"count":200,"self":0.0072984999999999994,"total":0.0072984999999999994,"children":null},"WriteActionMask":{"count":200,"self":0.0019938,"total":0.0019938,"children":null},"RequestDecision":{"count":200,"self":0.0030106,"total":0.0030106,"children":null}}},"DecideAction":{"count":1000,"self":0.0040392,"total":0.0040392,"children":null},"AgentAct":{"count":1000,"self":0.0070916999999999994,"total":0.0070916999999999994,"children":null}},"gauges":{"PlatformerAgent.CumulativeReward":{"count":2,"max":10.1153145,"min":2.647521,"runningAverage":6.38141775,"value":10.1153145,"weightedAverage":4.514469}},"metadata":{"timer_format_version":"0.1.0","start_time_seconds":"1730786353","unity_version":"6000.0.23f1","command_line_arguments":"C:\\Program Files\\Unity\\Hub\\Editor\\6000.0.23f1\\Editor\\Unity.exe -projectpath C:\\Users\\chris\\Desktop\\581\\RoboRacer\\EECS581-Platformer -useHub -hubIPC -cloudEnvironment production","communication_protocol_version":"1.5.0","com.unity.ml-agents_version":"3.0.0","scene_name":"Level1","end_time_seconds":"1730786380"}}