{"count":1,"self":24.211382399999998,"total":24.355053899999998,"children":{"InitializeActuators":{"count":2,"self":0.0019988,"total":0.0019988,"children":null},"InitializeSensors":{"count":2,"self":0.00099549999999999986,"total":0.00099549999999999986,"children":null},"AgentSendState":{"count":944,"self":0.00070199999999999993,"total":0.052517499999999995,"children":{"CollectObservations":{"count":378,"self":0.0407354,"total":0.0407354,"children":null},"WriteActionMask":{"count":378,"self":0.0010008999999999999,"total":0.0010008999999999999,"children":null},"RequestDecision":{"count":378,"self":0.0100792,"total":0.0100792,"children":null}}},"DecideAction":{"count":944,"self":0.08415919999999999,"total":0.08415919999999999,"children":null},"AgentAct":{"count":944,"self":0.004001,"total":0.004001,"children":null}},"gauges":{"PlatformerAgent.CumulativeReward":{"count":2,"max":2.35981321,"min":1.58497059,"runningAverage":1.97239184,"value":2.35981321,"weightedAverage":1.77868128}},"metadata":{"timer_format_version":"0.1.0","start_time_seconds":"1739650739","unity_version":"6000.0.23f1","command_line_arguments":"E:\\6000.0.23f1\\Editor\\Unity.exe -projectpath F:\\Users\\kwmea\\Github\\EECS581-Platformer -useHub -hubIPC -cloudEnvironment production","communication_protocol_version":"1.5.0","com.unity.ml-agents_version":"3.0.0","scene_name":"Level6","end_time_seconds":"1739650764"}}