{"count":1,"self":161.42526719999998,"total":163.54342889999998,"children":{"InitializeActuators":{"count":22,"self":0.0010241999999999999,"total":0.0010241999999999999,"children":null},"InitializeSensors":{"count":22,"self":0.0015151,"total":0.0015151,"children":null},"AgentSendState":{"count":7610,"self":0.0216901,"total":0.2720808,"children":{"CollectObservations":{"count":2338,"self":0.22033119999999998,"total":0.22033119999999998,"children":null},"WriteActionMask":{"count":2338,"self":0.0037703999999999997,"total":0.0037703999999999997,"children":null},"RequestDecision":{"count":2338,"self":0.0262891,"total":0.0262891,"children":null}}},"DecideAction":{"count":7610,"self":1.7969278,"total":1.7969278,"children":null},"AgentAct":{"count":7610,"self":0.046608899999999995,"total":0.046608899999999995,"children":null}},"gauges":{"PlatformerAgent.CumulativeReward":{"count":70,"max":22.7161865,"min":-1.00817072,"runningAverage":3.63402414,"value":1.26006,"weightedAverage":3.2883184}},"metadata":{"timer_format_version":"0.1.0","start_time_seconds":"1739763201","unity_version":"6000.0.23f1","command_line_arguments":"C:\\Program Files\\Unity\\Hub\\Editor\\6000.0.23f1\\Editor\\Unity.exe -projectpath C:\\Users\\chris\\Desktop\\581\\RoboRacer\\EECS581-Platformer -useHub -hubIPC -cloudEnvironment production","communication_protocol_version":"1.5.0","com.unity.ml-agents_version":"3.0.0","scene_name":"Main Menu","end_time_seconds":"1739763365"}}