{"count":1,"self":255.43992319999998,"total":258.2318069,"children":{"InitializeActuators":{"count":1,"self":0.0015601999999999999,"total":0.0015601999999999999,"children":null},"InitializeSensors":{"count":1,"self":0.0015187,"total":0.0015187,"children":null},"AgentSendState":{"count":8056,"self":0.0218884,"total":0.2330797,"children":{"CollectObservations":{"count":1612,"self":0.19474729999999998,"total":0.19474729999999998,"children":null},"WriteActionMask":{"count":1612,"self":0.0015581,"total":0.0015581,"children":null},"RequestDecision":{"count":1612,"self":0.014885899999999999,"total":0.014885899999999999,"children":null}}},"DecideAction":{"count":8056,"self":2.504022,"total":2.504022,"children":null},"AgentAct":{"count":8056,"self":0.051710099999999995,"total":0.051710099999999995,"children":null}},"gauges":{"PlatformerAgent.CumulativeReward":{"count":22,"max":-1.06482685,"min":-2.784439,"runningAverage":-1.22424006,"value":-1.06482685,"weightedAverage":-1.274831}},"metadata":{"timer_format_version":"0.1.0","start_time_seconds":"1741456817","unity_version":"6000.0.23f1","command_line_arguments":"C:\\Program Files\\Unity\\Hub\\Editor\\6000.0.23f1\\Editor\\Unity.exe -projectpath C:\\Users\\chris\\Desktop\\581\\RoboRacer\\EECS581-Platformer -useHub -hubIPC -cloudEnvironment production","communication_protocol_version":"1.5.0","com.unity.ml-agents_version":"3.0.0","scene_name":"Shop","end_time_seconds":"1741457076"}}