{"count":1,"self":14.4918736,"total":14.639482999999998,"children":{"InitializeActuators":{"count":2,"self":0.00652,"total":0.00652,"children":null},"InitializeSensors":{"count":2,"self":0.0037909999999999997,"total":0.0037909999999999997,"children":null},"AgentSendState":{"count":339,"self":0.004455,"total":0.070505,"children":{"CollectObservations":{"count":74,"self":0.020565999999999997,"total":0.020565999999999997,"children":null},"WriteActionMask":{"count":74,"self":0.00086599999999999991,"total":0.00086599999999999991,"children":null},"RequestDecision":{"count":74,"self":0.044618,"total":0.044618,"children":null}}},"DecideAction":{"count":339,"self":0.055972999999999995,"total":0.055972999999999995,"children":null},"AgentAct":{"count":339,"self":0.0058319999999999995,"total":0.0058319999999999995,"children":null}},"gauges":{"PlatformerAgent.CumulativeReward":{"count":2,"max":1.97639942,"min":0.7404034,"runningAverage":1.35840142,"value":1.97639942,"weightedAverage":1.04940248}},"metadata":{"timer_format_version":"0.1.0","start_time_seconds":"1740878932","unity_version":"6000.0.23f1","command_line_arguments":"\/Applications\/Unity\/Hub\/Editor\/6000.0.23f1\/Unity.app\/Contents\/MacOS\/Unity -projectpath \/Users\/henry\/Downloads\/EECS581-Platformer -useHub -hubIPC -cloudEnvironment production","communication_protocol_version":"1.5.0","com.unity.ml-agents_version":"3.0.0","scene_name":"Start","end_time_seconds":"1740878946"}}