{
    "name": "root",
    "gauges": {
        "PlatformerAgent.Policy.Entropy.mean": {
            "value": 1.0026665925979614,
            "min": 0.3153795003890991,
            "max": 1.0495785474777222,
            "count": 1500
        },
        "PlatformerAgent.Policy.Entropy.sum": {
            "value": 10026.666015625,
            "min": 2475.0810546875,
            "max": 10492.63671875,
            "count": 1500
        },
        "PlatformerAgent.Environment.EpisodeLength.mean": {
            "value": 45.948356807511736,
            "min": 9.0,
            "max": 116.85714285714286,
            "count": 1500
        },
        "PlatformerAgent.Environment.EpisodeLength.sum": {
            "value": 9787.0,
            "min": 5099.0,
            "max": 10683.0,
            "count": 1500
        },
        "PlatformerAgent.Step.mean": {
            "value": 29819959.0,
            "min": 14829995.0,
            "max": 29819959.0,
            "count": 1500
        },
        "PlatformerAgent.Step.sum": {
            "value": 29819959.0,
            "min": 14829995.0,
            "max": 29819959.0,
            "count": 1500
        },
        "PlatformerAgent.Policy.ExtrinsicValueEstimate.mean": {
            "value": 1.0071591138839722,
            "min": -1.9574800729751587,
            "max": 4.505537509918213,
            "count": 1500
        },
        "PlatformerAgent.Policy.ExtrinsicValueEstimate.sum": {
            "value": 214.52490234375,
            "min": -927.8455810546875,
            "max": 2860.5126953125,
            "count": 1500
        },
        "PlatformerAgent.Environment.CumulativeReward.mean": {
            "value": 8.142553377599224,
            "min": 0.8753037550449372,
            "max": 14.459418501366269,
            "count": 1500
        },
        "PlatformerAgent.Environment.CumulativeReward.sum": {
            "value": 1734.3638694286346,
            "min": 807.0194951295853,
            "max": 1933.0435676574707,
            "count": 1500
        },
        "PlatformerAgent.Policy.ExtrinsicReward.mean": {
            "value": 8.142553377599224,
            "min": 0.8753037550449372,
            "max": 14.459418501366269,
            "count": 1500
        },
        "PlatformerAgent.Policy.ExtrinsicReward.sum": {
            "value": 1734.3638694286346,
            "min": 807.0194951295853,
            "max": 1933.0435676574707,
            "count": 1500
        },
        "PlatformerAgent.IsTraining.mean": {
            "value": 1.0,
            "min": 1.0,
            "max": 1.0,
            "count": 1500
        },
        "PlatformerAgent.IsTraining.sum": {
            "value": 1.0,
            "min": 1.0,
            "max": 1.0,
            "count": 1500
        },
        "PlatformerAgent.Losses.PolicyLoss.mean": {
            "value": 0.018238842305727303,
            "min": 0.015479311306844466,
            "max": 0.020581754241138697,
            "count": 182
        },
        "PlatformerAgent.Losses.PolicyLoss.sum": {
            "value": 0.018238842305727303,
            "min": 0.015479311306844466,
            "max": 0.020581754241138697,
            "count": 182
        },
        "PlatformerAgent.Losses.ValueLoss.mean": {
            "value": 0.36280198857188223,
            "min": 0.0017817270185332746,
            "max": 1.5791999942064285,
            "count": 182
        },
        "PlatformerAgent.Losses.ValueLoss.sum": {
            "value": 0.36280198857188223,
            "min": 0.0017817270185332746,
            "max": 1.5791999942064285,
            "count": 182
        },
        "PlatformerAgent.Policy.LearningRate.mean": {
            "value": 7.026105573897401e-05,
            "min": 7.026105573897401e-05,
            "max": 8.5093295906719e-05,
            "count": 182
        },
        "PlatformerAgent.Policy.LearningRate.sum": {
            "value": 7.026105573897401e-05,
            "min": 7.026105573897401e-05,
            "max": 8.5093295906719e-05,
            "count": 182
        },
        "PlatformerAgent.Policy.Epsilon.mean": {
            "value": 0.17026102599999995,
            "min": 0.17026102599999995,
            "max": 0.18509328099999997,
            "count": 182
        },
        "PlatformerAgent.Policy.Epsilon.sum": {
            "value": 0.17026102599999995,
            "min": 0.17026102599999995,
            "max": 0.18509328099999997,
            "count": 182
        },
        "PlatformerAgent.Policy.Beta.mean": {
            "value": 0.007029076497400001,
            "min": 0.007029076497400001,
            "max": 0.008510818771900002,
            "count": 182
        },
        "PlatformerAgent.Policy.Beta.sum": {
            "value": 0.007029076497400001,
            "min": 0.007029076497400001,
            "max": 0.008510818771900002,
            "count": 182
        }
    },
    "metadata": {
        "timer_format_version": "0.1.0",
        "start_time_seconds": "1731786228",
        "python_version": "3.9.18 (main, Sep 11 2023, 13:30:38) [MSC v.1916 64 bit (AMD64)]",
        "command_line_arguments": "C:\\Users\\chris\\miniconda3\\envs\\torch\\Scripts\\mlagents-learn config/ppo_config.yaml --run-id=PlatformerRun5.0 --resume",
        "mlagents_version": "0.30.0",
        "mlagents_envs_version": "0.30.0",
        "communication_protocol_version": "1.5.0",
        "pytorch_version": "2.3.1+cu121",
        "numpy_version": "1.21.2",
        "end_time_seconds": "1731903449"
    },
    "total": 117218.0852912,
    "count": 1,
    "self": 0.00589610000315588,
    "children": {
        "run_training.setup": {
            "total": 0.09146359999999998,
            "count": 1,
            "self": 0.09146359999999998
        },
        "TrainerController.start_learning": {
            "total": 117217.9879315,
            "count": 1,
            "self": 246.65898941704654,
            "children": {
                "TrainerController._reset_env": {
                    "total": 14.967096299999998,
                    "count": 1,
                    "self": 14.967096299999998
                },
                "TrainerController.advance": {
                    "total": 116956.13542028295,
                    "count": 15380317,
                    "self": 228.10094310709974,
                    "children": {
                        "env_step": {
                            "total": 109363.49488367343,
                            "count": 15380317,
                            "self": 50173.59058590269,
                            "children": {
                                "SubprocessEnvManager._take_step": {
                                    "total": 59011.003648973034,
                                    "count": 15380320,
                                    "self": 690.7794712903342,
                                    "children": {
                                        "TorchPolicy.evaluate": {
                                            "total": 58320.2241776827,
                                            "count": 14999014,
                                            "self": 58320.2241776827
                                        }
                                    }
                                },
                                "workers": {
                                    "total": 178.90064879770512,
                                    "count": 15380316,
                                    "self": 0.0,
                                    "children": {
                                        "worker_root": {
                                            "total": 116560.99059061457,
                                            "count": 15380316,
                                            "is_parallel": true,
                                            "self": 78109.61554898095,