{
    "name": "root",
    "gauges": {
        "PlatformerAgent.Policy.Entropy.mean": {
            "value": 0.5429021716117859,
            "min": 0.1485229730606079,
            "max": 0.935594379901886,
            "count": 2341
        },
        "PlatformerAgent.Policy.Entropy.sum": {
            "value": 5456.1669921875,
            "min": 1485.229736328125,
            "max": 9361.5576171875,
            "count": 2341
        },
        "PlatformerAgent.Environment.EpisodeLength.mean": {
            "value": 89.54054054054055,
            "min": 9.0,
            "max": 454.2173913043478,
            "count": 2341
        },
        "PlatformerAgent.Environment.EpisodeLength.sum": {
            "value": 9939.0,
            "min": 6151.0,
            "max": 10820.0,
            "count": 2341
        },
        "PlatformerAgent.Step.mean": {
            "value": 59469963.0,
            "min": 36069996.0,
            "max": 59469963.0,
            "count": 2341
        },
        "PlatformerAgent.Step.sum": {
            "value": 59469963.0,
            "min": 36069996.0,
            "max": 59469963.0,
            "count": 2341
        },
        "PlatformerAgent.Policy.ExtrinsicValueEstimate.mean": {
            "value": 2.7537481784820557,
            "min": -3.1242759227752686,
            "max": 5.778194427490234,
            "count": 2341
        },
        "PlatformerAgent.Policy.ExtrinsicValueEstimate.sum": {
            "value": 305.6660461425781,
            "min": -2964.937744140625,
            "max": 5778.1943359375,
            "count": 2341
        },
        "PlatformerAgent.Environment.CumulativeReward.mean": {
            "value": 14.076681218705735,
            "min": 0.7069700824971101,
            "max": 14.946974718003046,
            "count": 2341
        },
        "PlatformerAgent.Environment.CumulativeReward.sum": {
            "value": 1562.5116152763367,
            "min": 158.21805274486542,
            "max": 1898.178526878357,
            "count": 2341
        },
        "PlatformerAgent.Policy.ExtrinsicReward.mean": {
            "value": 14.076681218705735,
            "min": 0.7069700824971101,
            "max": 14.946974718003046,
            "count": 2341
        },
        "PlatformerAgent.Policy.ExtrinsicReward.sum": {
            "value": 1562.5116152763367,
            "min": 158.21805274486542,
            "max": 1898.178526878357,
            "count": 2341
        },
        "PlatformerAgent.IsTraining.mean": {
            "value": 1.0,
            "min": 1.0,
            "max": 1.0,
            "count": 2341
        },
        "PlatformerAgent.IsTraining.sum": {
            "value": 1.0,
            "min": 1.0,
            "max": 1.0,
            "count": 2341
        },
        "PlatformerAgent.Losses.PolicyLoss.mean": {
            "value": 0.01766714833676815,
            "min": 0.014915670260088519,
            "max": 0.020177374036284165,
            "count": 285
        },
        "PlatformerAgent.Losses.PolicyLoss.sum": {
            "value": 0.01766714833676815,
            "min": 0.014915670260088519,
            "max": 0.020177374036284165,
            "count": 285
        },
        "PlatformerAgent.Losses.ValueLoss.mean": {
            "value": 0.7432067525386811,
            "min": 0.002102816543847439,
            "max": 2.142420587539673,
            "count": 285
        },
        "PlatformerAgent.Losses.ValueLoss.sum": {
            "value": 0.7432067525386811,
            "min": 0.002102816543847439,
            "max": 2.142420587539673,
            "count": 285
        },
        "PlatformerAgent.Policy.LearningRate.mean": {
            "value": 4.0578386421673024e-05,
            "min": 4.0578386421673024e-05,
            "max": 6.385443314560298e-05,
            "count": 285
        },
        "PlatformerAgent.Policy.LearningRate.sum": {
            "value": 4.0578386421673024e-05,
            "min": 4.0578386421673024e-05,
            "max": 6.385443314560298e-05,
            "count": 285
        },
        "PlatformerAgent.Policy.Epsilon.mean": {
            "value": 0.14057832700000003,
            "min": 0.14057832700000003,
            "max": 0.16385439699999996,
            "count": 285
        },
        "PlatformerAgent.Policy.Epsilon.sum": {
            "value": 0.14057832700000003,
            "min": 0.14057832700000003,
            "max": 0.16385439699999996,
            "count": 285
        },
        "PlatformerAgent.Policy.Beta.mean": {
            "value": 0.004063774867300001,
            "min": 0.004063774867300001,
            "max": 0.0063890542603,
            "count": 285
        },
        "PlatformerAgent.Policy.Beta.sum": {
            "value": 0.004063774867300001,
            "min": 0.004063774867300001,
            "max": 0.0063890542603,
            "count": 285
        }
    },
    "metadata": {
        "timer_format_version": "0.1.0",
        "start_time_seconds": "1731955985",
        "python_version": "3.9.18 (main, Sep 11 2023, 13:30:38) [MSC v.1916 64 bit (AMD64)]",
        "command_line_arguments": "C:\\Users\\chris\\miniconda3\\envs\\torch\\Scripts\\mlagents-learn config/ppo_config.yaml --run-id=PlatformerRun5.0 --resume",
        "mlagents_version": "0.30.0",
        "mlagents_envs_version": "0.30.0",
        "communication_protocol_version": "1.5.0",
        "pytorch_version": "2.3.1+cu121",
        "numpy_version": "1.21.2",
        "end_time_seconds": "1732114640"
    },
    "total": 158652.7857462,
    "count": 1,
    "self": 0.006299900007434189,
    "children": {
        "run_training.setup": {
            "total": 0.08220389999999966,
            "count": 1,
            "self": 0.08220389999999966
        },
        "TrainerController.start_learning": {
            "total": 158652.6972424,
            "count": 1,
            "self": 274.4962381970545,
            "children": {
                "TrainerController._reset_env": {
                    "total": 13.9656214,
                    "count": 1,
                    "self": 13.9656214
                },
                "TrainerController.advance": {
                    "total": 158364.04492160294,
                    "count": 23791352,
                    "self": 261.378462529392,
                    "children": {
                        "env_step": {
                            "total": 148364.40582893402,
                            "count": 23791352,
                            "self": 68676.9378788016,
                            "children": {
                                "SubprocessEnvManager._take_step": {
                                    "total": 79481.63648703616,
                                    "count": 23791352,
                                    "self": 803.6480575686874,
                                    "children": {
                                        "TorchPolicy.evaluate": {
                                            "total": 78677.98842946747,
                                            "count": 23409052,
                                            "self": 78677.98842946747
                                        }
                                    }
                                },
                                "workers": {
                                    "total": 205.83146309625528,
                                    "count": 23791351,
                                    "self": 0.0,
                                    "children": {
                                        "worker_root": {
                                            "total": 158062.68205433682,
                                            "count": 23791351,
                                            "is_parallel": true,
                                            "self": 103276.50227351469,