{
    "name": "root",
    "gauges": {
        "PlatformerAgent.Policy.Entropy.mean": {
            "value": 0.35236677527427673,
            "min": 0.3506184220314026,
            "max": 0.5135669708251953,
            "count": 151
        },
        "PlatformerAgent.Policy.Entropy.sum": {
            "value": 3529.3056640625,
            "min": 45.19389343261719,
            "max": 4894.71728515625,
            "count": 151
        },
        "PlatformerAgent.Environment.EpisodeLength.mean": {
            "value": 36.80377358490566,
            "min": 13.0,
            "max": 41.70940170940171,
            "count": 151
        },
        "PlatformerAgent.Environment.EpisodeLength.sum": {
            "value": 9753.0,
            "min": 78.0,
            "max": 9800.0,
            "count": 151
        },
        "PlatformerAgent.Step.mean": {
            "value": 99999988.0,
            "min": 98499997.0,
            "max": 99999988.0,
            "count": 151
        },
        "PlatformerAgent.Step.sum": {
            "value": 99999988.0,
            "min": 98499997.0,
            "max": 99999988.0,
            "count": 151
        },
        "PlatformerAgent.Policy.ExtrinsicValueEstimate.mean": {
            "value": 1.0304449796676636,
            "min": 0.9425995945930481,
            "max": 6.8358259201049805,
            "count": 151
        },
        "PlatformerAgent.Policy.ExtrinsicValueEstimate.sum": {
            "value": 273.06793212890625,
            "min": 15.913919448852539,
            "max": 2925.7333984375,
            "count": 151
        },
        "PlatformerAgent.Environment.CumulativeReward.mean": {
            "value": 3.155135529446152,
            "min": 1.2034425735473633,
            "max": 7.4169146273998505,
            "count": 151
        },
        "PlatformerAgent.Environment.CumulativeReward.sum": {
            "value": 836.1109153032303,
            "min": 6.017212867736816,
            "max": 1742.9749374389648,
            "count": 151
        },
        "PlatformerAgent.Policy.ExtrinsicReward.mean": {
            "value": 3.155135529446152,
            "min": 1.2034425735473633,
            "max": 7.4169146273998505,
            "count": 151
        },
        "PlatformerAgent.Policy.ExtrinsicReward.sum": {
            "value": 836.1109153032303,
            "min": 6.017212867736816,
            "max": 1742.9749374389648,
            "count": 151
        },
        "PlatformerAgent.IsTraining.mean": {
            "value": 1.0,
            "min": 1.0,
            "max": 1.0,
            "count": 151
        },
        "PlatformerAgent.IsTraining.sum": {
            "value": 1.0,
            "min": 1.0,
            "max": 1.0,
            "count": 151
        },
        "PlatformerAgent.Losses.PolicyLoss.mean": {
            "value": 0.017793457331135867,
            "min": 0.015505796588840895,
            "max": 0.01977102449629456,
            "count": 18
        },
        "PlatformerAgent.Losses.PolicyLoss.sum": {
            "value": 0.017793457331135867,
            "min": 0.015505796588840895,
            "max": 0.01977102449629456,
            "count": 18
        },
        "PlatformerAgent.Losses.ValueLoss.mean": {
            "value": 0.26208513855934146,
            "min": 0.26208513855934146,
            "max": 2.968602873086929,
            "count": 18
        },
        "PlatformerAgent.Losses.ValueLoss.sum": {
            "value": 0.26208513855934146,
            "min": 0.26208513855934146,
            "max": 2.968602873086929,
            "count": 18
        },
        "PlatformerAgent.Policy.LearningRate.mean": {
            "value": 2.4983975116002793e-08,
            "min": 2.4983975116002793e-08,
            "max": 1.418204581893997e-06,
            "count": 18
        },
        "PlatformerAgent.Policy.LearningRate.sum": {
            "value": 2.4983975116002793e-08,
            "min": 2.4983975116002793e-08,
            "max": 1.418204581893997e-06,
            "count": 18
        },
        "PlatformerAgent.Policy.Epsilon.mean": {
            "value": 0.10002488400000001,
            "min": 0.10002488400000001,
            "max": 0.10141810600000001,
            "count": 18
        },
        "PlatformerAgent.Policy.Epsilon.sum": {
            "value": 0.10002488400000001,
            "min": 0.10002488400000001,
            "max": 0.10141810600000001,
            "count": 18
        },
        "PlatformerAgent.Policy.Beta.mean": {
            "value": 1.2485911600000278e-05,
            "min": 1.2485911600000278e-05,
            "max": 0.00015166878939999964,
            "count": 18
        },
        "PlatformerAgent.Policy.Beta.sum": {
            "value": 1.2485911600000278e-05,
            "min": 1.2485911600000278e-05,
            "max": 0.00015166878939999964,
            "count": 18
        }
    },
    "metadata": {
        "timer_format_version": "0.1.0",
        "start_time_seconds": "1732507662",
        "python_version": "3.9.18 (main, Sep 11 2023, 13:30:38) [MSC v.1916 64 bit (AMD64)]",
        "command_line_arguments": "C:\\Users\\chris\\miniconda3\\envs\\torch\\Scripts\\mlagents-learn config/ppo_config.yaml --run-id=PlatformerRun5.0 --resume",
        "mlagents_version": "0.30.0",
        "mlagents_envs_version": "0.30.0",
        "communication_protocol_version": "1.5.0",
        "pytorch_version": "2.3.1+cu121",
        "numpy_version": "1.21.2",
        "end_time_seconds": "1732514095"
    },
    "total": 6432.649151,
    "count": 1,
    "self": 0.0070485999995071325,
    "children": {
        "run_training.setup": {
            "total": 0.09250319999999945,
            "count": 1,
            "self": 0.09250319999999945
        },
        "TrainerController.start_learning": {
            "total": 6432.549599200001,
            "count": 1,
            "self": 12.450877400108766,
            "children": {
                "TrainerController._reset_env": {
                    "total": 11.5597925,
                    "count": 1,
                    "self": 11.5597925
                },
                "TrainerController.advance": {
                    "total": 6408.392374299892,
                    "count": 782917,
                    "self": 12.033002799625137,
                    "children": {
                        "env_step": {
                            "total": 5760.7308105998745,
                            "count": 782917,
                            "self": 2716.169135999754,
                            "children": {
                                "SubprocessEnvManager._take_step": {
                                    "total": 3035.250283800172,
                                    "count": 782917,
                                    "self": 33.531178999958684,
                                    "children": {
                                        "TorchPolicy.evaluate": {
                                            "total": 3001.7191048002132,
                                            "count": 750198,
                                            "self": 3001.7191048002132
                                        }
                                    }
                                },
                                "workers": {
                                    "total": 9.311390799948459,
                                    "count": 782917,
                                    "self": 0.0,
                                    "children": {
                                        "worker_root": {
                                            "total": 6403.095830000456,
                                            "count": 782917,
                                            "is_parallel": true,
                                            "self": 4279.643435700473,