{
    "name": "root",
    "metadata": {
        "timer_format_version": "0.1.0",
        "start_time_seconds": "1731205627",
        "python_version": "3.9.18 (main, Sep 11 2023, 13:30:38) [MSC v.1916 64 bit (AMD64)]",
        "command_line_arguments": "C:\\Users\\chris\\miniconda3\\envs\\torch\\Scripts\\mlagents-learn config/ppo_config.yaml --run-id=PlatformerRun3.0 --resume",
        "mlagents_version": "0.30.0",
        "mlagents_envs_version": "0.30.0",
        "communication_protocol_version": "1.5.0",
        "pytorch_version": "2.3.1+cu121",
        "numpy_version": "1.21.2",
        "end_time_seconds": "1731205731"
    },
    "total": 103.97809149999999,
    "count": 1,
    "self": 10.005184799999995,
    "children": {
        "run_training.setup": {
            "total": 0.08645100000000028,
            "count": 1,
            "self": 0.08645100000000028
        },
        "TrainerController.start_learning": {
            "total": 93.8864557,
            "count": 1,
            "self": 0.07052839999990113,
            "children": {
                "TrainerController._reset_env": {
                    "total": 13.395271499999998,
                    "count": 1,
                    "self": 13.395271499999998
                },
                "TrainerController.advance": {
                    "total": 80.23382910000011,
                    "count": 4005,
                    "self": 0.0608062000003855,
                    "children": {
                        "env_step": {
                            "total": 78.79429240000005,
                            "count": 4005,
                            "self": 62.876247100000185,
                            "children": {
                                "SubprocessEnvManager._take_step": {
                                    "total": 15.872310799999578,
                                    "count": 4006,
                                    "self": 0.20884009999904407,
                                    "children": {
                                        "TorchPolicy.evaluate": {
                                            "total": 15.663470700000534,
                                            "count": 3799,
                                            "self": 15.663470700000534
                                        }
                                    }
                                },
                                "workers": {
                                    "total": 0.0457345000002789,
                                    "count": 4004,
                                    "self": 0.0,
                                    "children": {
                                        "worker_root": {
                                            "total": 49.661159699999914,
                                            "count": 4004,
                                            "is_parallel": true,
                                            "self": 22.698429400000208,
                                            "children": {
                                                "steps_from_proto": {
                                                    "total": 0.0008181000000035965,
                                                    "count": 2,
                                                    "is_parallel": true,
                                                    "self": 0.00040560000000056107,
                                                    "children": {
                                                        "_process_rank_one_or_two_observation": {
                                                            "total": 0.00041250000000303544,
                                                            "count": 4,
                                                            "is_parallel": true,
                                                            "self": 0.00041250000000303544
                                                        }
                                                    }
                                                },
                                                "UnityEnvironment.step": {
                                                    "total": 26.961912199999702,
                                                    "count": 4004,
                                                    "is_parallel": true,
                                                    "self": 0.2916396999994646,
                                                    "children": {
                                                        "UnityEnvironment._generate_step_input": {
                                                            "total": 0.26683389999999463,
                                                            "count": 4004,
                                                            "is_parallel": true,
                                                            "self": 0.26683389999999463
                                                        },
                                                        "communicator.exchange": {
                                                            "total": 25.496964800000192,
                                                            "count": 4004,
                                                            "is_parallel": true,
                                                            "self": 25.496964800000192
                                                        },
                                                        "steps_from_proto": {
                                                            "total": 0.9064738000000485,
                                                            "count": 4004,
                                                            "is_parallel": true,
                                                            "self": 0.49930539999987644,
                                                            "children": {
                                                                "_process_rank_one_or_two_observation": {
                                                                    "total": 0.40716840000017207,
                                                                    "count": 8008,
                                                                    "is_parallel": true,
                                                                    "self": 0.40716840000017207
                                                                }
                                                            }
                                                        }
                                                    }
                                                }
                                            }
                                        }
                                    }
                                }
                            }
                        },
                        "trainer_advance": {
                            "total": 1.3787304999996834,
                            "count": 4004,
                            "self": 0.08729089999914308,
                            "children": {
                                "process_trajectory": {
                                    "total": 1.2914396000005404,
                                    "count": 4004,
                                    "self": 1.2914396000005404
                                }
                            }
                        }
                    }
                },
                "trainer_threads": {
                    "total": 1.099999991538425e-06,
                    "count": 1,
                    "self": 1.099999991538425e-06
                },
                "TrainerController._save_models": {
                    "total": 0.18682560000000592,
                    "count": 1,
                    "self": 0.0010587999999955855,